_id,uid,city,state,country,aqi,slug,rank,cloud,condition_text,feelslike_c,feelslike_f,gust_kph,gust_mph,humidity,is_day,last_updated,last_updated_epoch,precip_in,precip_mm,pressure_in,pressure_mb,temp_c,temp_f,uv,vis_km,vis_miles,wind_degree,wind_dir,wind_kph,wind_mph,country_code
66ded002934726e744d84668,13878,Bisikala,Bihar,India,155.0,india/bihar/bisikala,1,26,Partly Cloudy,43.9,111.0,26.6,16.6,5,1,2025-04-02 15:45,1743588900,0,0.0,29.61,1003,42.6,108.7,2.1,10,6,290,WNW,20.9,13.0,in
66decf9d934726e744d795ba,13743,Bihar Sharif,Bihar,India,166.0,india/bihar/bihar-sharif,2,7,Sunny,43.8,110.8,19.4,12.1,4,1,2025-04-02 15:45,1743588900,0,0.0,29.6,1003,42.4,108.3,2.0,10,6,292,WNW,14.8,9.2,in
66ded002934726e744d84666,13703,Muzaffarpur,Bihar,India,155.66666666666666,india/bihar/muzaffarpur,3,23,Sunny,43.6,110.5,26.3,16.3,5,1,2025-04-02 15:45,1743588900,0,0.0,29.59,1002,42.3,108.1,1.6,10,6,305,NW,20.2,12.5,in
66decfb1934726e744d7aa4d,13730,Gorakhpur,Uttar Pradesh,India,111.0,india/uttar-pradesh/gorakhpur,4,17,Sunny,43.4,110.1,30.6,19.0,4,1,2025-04-02 15:45,1743588900,0,0.0,29.6,1002,42.2,108.0,1.9,10,6,272,W,24.5,15.2,in
66ded004934726e744d8492a,13696,Sasaram,Bihar,India,155.0,india/bihar/sasaram,5,8,Sunny,43.4,110.1,16.6,10.3,5,1,2025-04-02 15:45,1743588900,0,0.0,29.62,1003,42.2,108.0,2.2,10,6,312,NW,13.0,8.1,in
66decfa0934726e744d79b6f,13690,Varanasi,Uttar Pradesh,India,89.25,india/uttar-pradesh/varanasi,6,14,Sunny,43.2,109.8,25.9,16.1,5,1,2025-04-02 15:45,1743588900,0,0.0,29.62,1003,42.1,107.8,2.2,10,6,296,WNW,20.5,12.8,in
66ded002934726e744d8465b,13705,Munger,Bihar,India,188.0,india/bihar/munger,7,7,Sunny,42.8,109.0,21.6,13.4,4,1,2025-04-02 15:45,1743588900,0,0.0,29.6,1003,41.8,107.2,2.0,10,6,297,WNW,16.2,10.1,in
66decf9c934726e744d7929a,13809,Bhagalpur,Bihar,India,189.0,india/bihar/bhagalpur,8,4,Sunny,42.6,108.7,22.3,13.9,4,1,2025-04-02 15:45,1743588900,0,0.0,29.6,1003,41.7,107.1,1.9,10,6,303,WNW,16.6,10.3,in
66decfb1934726e744d7aa58,14154,Samastipur,Bihar,India,168.0,india/bihar/samastipur,9,11,Sunny,42.6,108.7,21.6,13.4,4,1,2025-04-02 15:45,1743588900,0,0.0,29.6,1002,41.7,107.1,1.7,10,6,316,NW,15.8,9.8,in
66decf98934726e744d78cd5,13716,Birganj,Narayani,Nepal,180.0,nepal/narayani/birganj,10,23,Sunny,42.4,108.3,27.4,17.0,4,1,2025-04-02 15:45,1743588900,0,0.0,29.6,1002,41.6,106.9,2.1,10,6,289,WNW,21.2,13.2,np
66ded0e4934726e744d9e29b,13814,Buxar,Bihar,India,241.0,india/bihar/buxar,11,24,Sunny,42.5,108.5,25.2,15.7,5,1,2025-04-02 16:00,1743589800,0,0.0,29.6,1002,41.6,106.9,0.7,10,6,283,WNW,17.3,10.7,in
66decfb2934726e744d7ad20,13742,Bilaspur,Chhattisgarh,India,92.0,india/chhattisgarh/bilaspur,12,8,Sunny,42.0,107.6,13.7,8.5,9,1,2025-04-02 15:45,1743588900,0,0.0,29.63,1003,41.4,106.5,2.1,10,6,186,S,11.5,7.2,in
670787e12e464133fcc086b5,PLLODX000001,Fyzabad,Uttar Pradesh,India,,india/uttar-pradesh/fyzabad,13,49,Overcast,42.1,107.8,26.3,16.3,4,1,2025-04-02 15:00,1743586200,0,0.0,29.62,1003,41.4,106.5,2.6,10,6,271,W,20.9,13.0,in
66decf9d934726e744d795a8,11271,Asansol,West Bengal,India,203.0,india/west-bengal/asansol,14,6,Sunny,42.0,107.6,9.0,5.6,6,1,2025-04-02 15:45,1743588900,0,0.0,29.63,1003,41.3,106.3,2.0,10,6,237,WSW,6.8,4.3,in
66ded001934726e744d84362,9148,Durgapur,West Bengal,India,116.0,india/west-bengal/durgapur,15,7,Sunny,41.9,107.4,5.4,3.4,8,1,2025-04-02 15:45,1743588900,0,0.0,29.63,1003,41.3,106.3,2.0,10,6,251,WSW,4.7,2.9,in
66decfb3934726e744d7b01a,13699,Prayagraj,Uttar Pradesh,India,91.33333333333333,india/uttar-pradesh/prayagraj,16,4,Sunny,41.5,106.7,19.8,12.3,6,1,2025-04-02 15:45,1743588900,0,0.0,29.63,1004,41.0,105.8,1.8,10,6,242,WSW,15.1,9.4,in
66decfb6934726e744d7b32d,11292,Dhanbad,Jharkhand,India,84.0,india/jharkhand/dhanbad,17,6,Sunny,41.2,106.2,7.9,4.9,5,1,2025-04-02 15:45,1743588900,0,0.0,29.64,1004,40.9,105.6,2.0,10,6,237,WSW,6.5,4.0,in
66ded0f1934726e744d9fcf9,14137,Begusarai,Bihar,India,262.0,india/bihar/begusarai,18,10,Sunny,41.3,106.3,21.6,13.4,5,1,2025-04-02 16:00,1743589800,0,0.0,29.59,1002,40.9,105.6,0.6,10,6,281,WNW,13.7,8.5,in
670787c22e464133fcc06931,VIR14735,Mirzapur,Uttar Pradesh,India,,india/uttar-pradesh/mirzapur,19,21,Sunny,41.3,106.3,23.4,14.5,6,1,2025-04-02 16:00,1743589800,0,0.0,29.63,1003,40.9,105.6,0.7,10,6,309,NW,17.6,11.0,in
66decfa5934726e744d7a177,11288,Talcher,Odisha,India,87.0,india/odisha/talcher,20,1,Sunny,41.4,106.5,15.1,9.4,14,1,2025-04-02 15:45,1743588900,0,0.0,29.66,1004,40.9,105.6,2.1,10,6,123,ESE,13.3,8.3,in
66decf9d934726e744d795a0,13725,Kanpur,Uttar Pradesh,India,156.75,india/uttar-pradesh/kanpur,21,15,Partly Cloudy,41.4,106.5,19.4,12.1,6,1,2025-04-02 15:45,1743588900,0,0.0,29.64,1004,40.9,105.6,2.0,10,6,271,W,15.5,9.6,in
670788622e464133fcc1365d,PLLODA00030677,Banda,Uttar Pradesh,India,,india/uttar-pradesh/banda,22,8,Sunny,41.1,106.0,14.0,8.7,5,1,2025-04-02 15:00,1743586200,0,0.0,29.65,1004,40.8,105.4,2.1,10,6,222,SW,11.5,7.2,in
66ded004934726e744d8492d,13801,Saharsa,Bihar,India,246.0,india/bihar/saharsa,23,7,Sunny,41.0,105.8,16.9,10.5,5,1,2025-04-02 15:45,1743588900,0,0.0,29.61,1003,40.7,105.3,1.9,10,6,311,NW,12.6,7.8,in
670787c22e464133fcc06940,VIR15555,Nandod,Gujarat,India,,india/gujarat/nandod,24,3,Sunny,40.9,105.7,22.4,13.9,11,1,2025-04-02 16:00,1743589800,0,0.0,29.65,1004,40.7,105.2,1.6,10,6,270,W,19.4,12.1,in
66ded0e4934726e744d9e2a8,13736,Darbhanga,Bihar,India,192.0,india/bihar/darbhanga,25,9,Sunny,41.0,105.8,24.5,15.2,5,1,2025-04-02 16:00,1743589800,0,0.0,29.59,1002,40.7,105.3,0.6,10,6,317,NW,15.8,9.8,in
670787be2e464133fcc06070,VIR7658,Faizabad,Uttar Pradesh,India,,india/uttar-pradesh/faizabad,26,9,Sunny,40.7,105.3,25.2,15.7,5,1,2025-04-02 16:00,1743589800,0,0.0,29.62,1003,40.5,104.9,0.8,10,6,284,WNW,18.4,11.4,in
66decfb3934726e744d7b028,13875,Durg,Chhattisgarh,India,85.0,india/chhattisgarh/durg,27,27,Patchy rain nearby,40.6,105.1,12.6,7.8,14,1,2025-04-02 15:45,1743588900,0,0.0,29.63,1003,40.4,104.7,2.1,10,6,216,SW,10.4,6.5,in
670787be2e464133fcc0606d,VIR7097,Fatehpur,Uttar Pradesh,India,,india/uttar-pradesh/fatehpur,28,10,Sunny,40.5,104.9,19.8,12.3,6,1,2025-04-02 16:00,1743589800,0,0.0,29.64,1004,40.4,104.7,0.8,10,6,279,W,14.8,9.2,in
670787c12e464133fcc06625,VIR10423,Jaunpur,Uttar Pradesh,India,,india/uttar-pradesh/jaunpur,29,15,Partly Cloudy,40.5,104.9,24.5,15.2,7,1,2025-04-02 16:00,1743589800,0,0.0,29.63,1003,40.4,104.7,0.7,10,6,253,WSW,17.6,11.0,in
670787c12e464133fcc06650,VIR11981,Kulti,West Bengal,India,,india/west-bengal/kulti,30,7,Sunny,40.6,105.1,10.4,6.5,6,1,2025-04-02 16:00,1743589800,0,0.0,29.63,1003,40.4,104.7,0.6,10,6,243,WSW,7.2,4.5,in
670787bf2e464133fcc06360,VIR10381,Jamuria,West Bengal,India,,india/west-bengal/jamuria,31,6,Sunny,40.4,104.7,8.6,5.4,7,1,2025-04-02 16:00,1743589800,0,0.0,29.62,1003,40.3,104.5,0.6,10,6,225,SW,5.8,3.6,in
66decfb6934726e744d7b32c,9147,Chandrapur,Maharashtra,India,121.0,india/maharashtra/chandrapur,32,10,Sunny,40.2,104.4,11.9,7.4,18,1,2025-04-02 15:45,1743588900,0,0.0,29.65,1004,40.2,104.4,2.2,10,6,170,S,10.1,6.3,in
670787c12e464133fcc06639,VIR11260,Khambhat,Gujarat,India,,india/gujarat/khambhat,33,0,Sunny,40.2,104.3,24.4,15.2,7,1,2025-04-02 16:00,1743589800,0,0.0,29.67,1005,40.2,104.3,2.0,10,6,264,W,21.2,13.2,in
670787ba2e464133fcc05d4f,VIR1746,Bankura,West Bengal,India,,india/west-bengal/bankura,34,6,Sunny,40.2,104.4,5.0,3.1,10,1,2025-04-02 16:00,1743589800,0,0.0,29.63,1003,40.2,104.4,0.6,10,6,181,S,3.6,2.2,in
66f39f668d1ca34b5384346b,12823,Vadodara,Gujarat,India,99.0,india/gujarat/vadodara,35,0,Sunny,40.2,104.4,16.1,10.0,6,1,2025-04-02 16:00,1743589800,0,0.0,29.65,1004,40.2,104.4,2.0,10,6,256,WSW,13.0,8.1,in
670787ba2e464133fcc05a89,VIR1533,Bahraich,Uttar Pradesh,India,,india/uttar-pradesh/bahraich,36,7,Sunny,40.3,104.5,26.6,16.6,3,1,2025-04-02 16:00,1743589800,0,0.0,29.62,1003,40.2,104.4,0.9,10,6,282,WNW,19.1,11.9,in
66ded0ec934726e744d9f150,12667,Al Qatif,Ash Sharqiyah,Saudi Arabia,23.0,saudi-arabia/ash-sharqiyah/al-qatif,37,0,Sunny,41.1,105.9,27.0,16.8,6,1,2025-04-02 13:30,1743589800,0,0.0,29.83,1010,40.1,104.2,8.2,10,6,146,SSE,13.3,8.3,sa
670787bf2e464133fcc06336,VIR8103,Godhra,Gujarat,India,,india/gujarat/godhra,38,0,Sunny,40.0,104.0,22.0,13.6,8,1,2025-04-02 16:00,1743589800,0,0.0,29.66,1004,40.1,104.1,1.9,10,6,244,WSW,19.1,11.9,in
66ded089934726e744d931d6,12674,Al Hufuf,Ash Sharqiyah,Saudi Arabia,15.0,saudi-arabia/ash-sharqiyah/al-hufuf,39,0,Sunny,40.1,104.1,15.1,9.4,7,1,2025-04-02 13:30,1743589800,0,0.0,29.85,1011,40.1,104.2,8.8,10,6,194,SSW,13.3,8.3,sa
66ded002934726e744d84652,13812,Katihar,Bihar,India,190.0,india/bihar/katihar,40,4,Sunny,40.2,104.4,19.1,11.9,6,1,2025-04-02 15:45,1743588900,0,0.0,29.61,1003,40.1,104.2,1.8,10,6,307,NW,13.7,8.5,in
66decfce934726e744d7e232,14151,Firozabad,Uttar Pradesh,India,155.0,india/uttar-pradesh/firozabad,41,33,Cloudy,40.0,104.0,22.3,13.9,4,1,2025-04-02 15:45,1743588900,0,0.0,29.66,1005,40.1,104.2,3.3,10,6,276,W,18.0,11.2,in
670787ba2e464133fcc05a88,VIR1526,Baharampur,West Bengal,India,,india/west-bengal/baharampur,42,4,Sunny,40.2,104.4,20.5,12.8,9,1,2025-04-02 16:00,1743589800,0,0.0,29.61,1003,40.1,104.2,0.6,10,6,225,SW,11.9,7.4,in
670787c22e464133fcc06922,VIR13754,Mancheral,Telangana,India,,india/telangana/mancheral,43,12,Sunny,39.9,103.8,9.0,5.6,18,1,2025-04-02 16:00,1743589800,0,0.0,29.65,1004,40.0,104.0,0.7,10,6,212,SSW,7.9,4.9,in
670787ba2e464133fcc05a77,VIR509,Allahabad,Uttar Pradesh,India,,india/uttar-pradesh/allahabad,44,14,Sunny,39.9,103.8,18.4,11.4,7,1,2025-04-02 16:00,1743589800,0,0.0,29.64,1004,40.0,104.0,0.7,10,6,275,W,13.3,8.3,in
66decfb6934726e744d7b303,14133,Bareilly,Uttar Pradesh,India,119.5,india/uttar-pradesh/bareilly,45,33,Overcast,39.8,103.6,24.8,15.4,3,1,2025-04-02 15:45,1743588900,0,0.0,29.64,1004,39.9,103.8,3.1,10,6,273,W,20.2,12.5,in
670787c22e464133fcc06946,VIR15660,Nabadwip,West Bengal,India,,india/west-bengal/nabadwip,46,5,Sunny,39.7,103.5,14.8,9.2,13,1,2025-04-02 16:00,1743589800,0,0.0,29.67,1005,39.9,103.8,0.5,10,6,299,WNW,11.9,7.4,in
670787c12e464133fcc0664e,VIR11902,Krishnanagar,West Bengal,India,,india/west-bengal/krishnanagar,47,4,Sunny,39.8,103.7,11.3,7.0,13,1,2025-04-02 16:00,1743589800,0,0.0,29.67,1005,39.9,103.9,0.5,10,6,299,WNW,9.0,5.6,in
66decfa0934726e744d79b76,14134,Moradabad,Uttar Pradesh,India,152.57142857142858,india/uttar-pradesh/moradabad,48,4,Sunny,39.8,103.6,17.3,10.7,3,1,2025-04-02 15:45,1743588900,0,0.0,29.65,1004,39.9,103.8,3.2,10,6,312,NW,14.8,9.2,in
670787c72e464133fcc06f10,VIR21080,Shantipur,West Bengal,India,,india/west-bengal/shantipur,49,4,Sunny,39.8,103.6,10.8,6.7,13,1,2025-04-02 16:00,1743589800,0,0.0,29.67,1005,39.9,103.9,0.5,10,6,298,WNW,8.6,5.4,in
670787be2e464133fcc0606c,VIR6901,Etawah,Uttar Pradesh,India,,india/uttar-pradesh/etawah,50,53,Sunny,39.8,103.6,20.2,12.5,4,1,2025-04-02 16:00,1743589800,0,0.0,29.65,1004,39.9,103.8,1.0,10,6,282,WNW,15.1,9.4,in
670787c62e464133fcc06e67,VIR16927,Orchha,Madhya Pradesh,India,,india/madhya-pradesh/orchha,51,47,Partly Cloudy,39.6,103.3,10.1,6.3,6,1,2025-04-02 16:00,1743589800,0,0.0,29.65,1004,39.8,103.6,0.9,10,6,273,W,8.3,5.1,in
66decf98934726e744d78ce6,8186,Agra,Uttar Pradesh,India,187.5,india/uttar-pradesh/agra,52,89,Overcast,39.6,103.3,17.6,11.0,3,1,2025-04-02 15:45,1743588900,0,0.0,29.67,1005,39.8,103.6,3.4,10,6,282,WNW,14.4,8.9,in
66decf95934726e744d786ff,11843,Ankleshwar,Gujarat,India,162.0,india/gujarat/ankleshwar,53,5,Sunny,39.6,103.3,22.4,13.9,13,1,2025-04-02 15:45,1743588900,0,0.0,29.67,1005,39.8,103.6,2.9,10,6,274,W,19.4,12.1,in
670787c72e464133fcc06f1d,VIR21465,Sitapur,Uttar Pradesh,India,,india/uttar-pradesh/sitapur,54,11,Sunny,39.6,103.3,22.3,13.9,3,1,2025-04-02 16:00,1743589800,0,0.0,29.63,1003,39.8,103.6,0.8,10,6,277,W,16.2,10.1,in
670787bf2e464133fcc06351,VIR10037,English Bazar,West Bengal,India,,india/west-bengal/english-bazar,55,3,Sunny,39.6,103.3,22.7,14.1,6,1,2025-04-02 16:00,1743589800,0,0.0,29.6,1002,39.7,103.5,0.5,10,6,312,NW,13.3,8.3,in
670787c72e464133fcc06ef9,VIR18923,Rajmahal,West Bengal,India,,india/west-bengal/rajmahal,56,3,Sunny,39.5,103.1,23.0,14.3,6,1,2025-04-02 16:00,1743589800,0,0.0,29.6,1002,39.6,103.3,0.5,10,6,312,NW,13.3,8.3,in
670787ba2e464133fcc05d54,VIR1799,Barddhaman,West Bengal,India,,india/west-bengal/barddhaman,57,6,Sunny,39.3,102.7,8.5,5.3,14,1,2025-04-02 16:00,1743589800,0,0.0,29.68,1005,39.6,103.2,0.5,10,6,270,W,6.8,4.3,in
670787c12e464133fcc06638,VIR11256,Khajuraho,Madhya Pradesh,India,,india/madhya-pradesh/khajuraho,58,33,Sunny,39.3,102.7,7.9,4.9,7,1,2025-04-02 16:00,1743589800,0,0.0,29.65,1004,39.6,103.3,0.9,10,6,239,WSW,6.5,4.0,in
670787c22e464133fcc0691c,VIR13598,Mahadipur,West Bengal,India,,india/west-bengal/mahadipur,59,3,Sunny,39.5,103.1,23.0,14.3,6,1,2025-04-02 16:30,1743589800,0,0.0,29.6,1002,39.6,103.3,0.5,10,6,312,NW,13.3,8.3,in
66decf97934726e744d789e5,13689,Vrindavan,Uttar Pradesh,India,164.0,india/uttar-pradesh/vrindavan,60,87,Partly Cloudy,39.3,102.7,18.4,11.4,3,1,2025-04-02 15:45,1743588900,0,0.0,29.67,1005,39.5,103.1,3.4,10,6,288,WNW,15.1,9.4,in
670787ba2e464133fcc05d66,VIR2422,Bhilai,Chhattisgarh,India,,india/chhattisgarh/bhilai,61,22,Sunny,39.2,102.6,23.0,14.3,15,1,2025-04-02 16:00,1743589800,0,0.0,29.62,1003,39.5,103.1,0.7,10,6,189,S,18.4,11.4,in
66decfa9934726e744d7a75e,13877,Jhansi,Uttar Pradesh,India,143.0,india/uttar-pradesh/jhansi,62,30,Sunny,39.2,102.6,7.9,4.9,5,1,2025-04-02 15:45,1743588900,0,0.0,29.67,1005,39.5,103.1,2.5,10,6,104,ESE,6.5,4.0,in
670787c72e464133fcc06f0f,VIR21047,Shahjahanpur,Uttar Pradesh,India,,india/uttar-pradesh/shahjahanpur,63,21,Sunny,39.2,102.6,27.7,17.2,3,1,2025-04-02 16:00,1743589800,0,0.0,29.63,1003,39.5,103.1,1.1,10,6,274,W,20.9,13.0,in
670787c12e464133fcc0663e,VIR11283,Khedbrahma,Gujarat,India,,india/gujarat/khedbrahma,64,0,Sunny,39.2,102.6,7.9,4.9,5,1,2025-04-02 16:00,1743589800,0,0.0,29.67,1005,39.5,103.1,2.1,10,6,186,S,6.5,4.0,in
66decfb2934726e744d7ad45,12825,Gwalior,Madhya Pradesh,India,126.5,india/madhya-pradesh/gwalior,65,33,Overcast,39.1,102.4,12.6,7.8,5,1,2025-04-02 15:45,1743588900,0,0.0,29.67,1005,39.4,102.9,2.7,10,6,276,W,10.4,6.5,in
670787c72e464133fcc06eff,VIR19012,Raurkela,Odisha,India,,india/odisha/raurkela,66,7,Sunny,39.0,102.2,13.0,8.1,12,1,2025-04-02 16:00,1743589800,0,0.0,29.64,1004,39.3,102.7,0.6,10,6,138,SE,8.6,5.4,in
66decfd1934726e744d7e802,11302,Bulandshahr,Uttar Pradesh,India,242.0,india/uttar-pradesh/bulandshahr,67,13,Partly Cloudy,38.8,101.8,20.2,12.5,3,1,2025-04-02 15:45,1743588900,0,0.0,29.66,1005,39.2,102.6,3.3,10,6,290,WNW,16.6,10.3,in
670787ba2e464133fcc05d78,VIR3326,Budaun,Uttar Pradesh,India,,india/uttar-pradesh/budaun,68,66,Sunny,38.7,101.7,24.5,15.2,3,1,2025-04-02 16:00,1743589800,0,0.0,29.64,1004,39.2,102.6,1.3,10,6,266,W,18.7,11.6,in
66decfb9934726e744d7b90e,14153,Khurja,Uttar Pradesh,India,185.0,india/uttar-pradesh/khurja,69,33,Overcast,38.8,101.8,20.9,13.0,3,1,2025-04-02 15:45,1743588900,0,0.0,29.66,1005,39.2,102.6,3.3,10,6,293,WNW,16.9,10.5,in
66ded08a934726e744d934c3,12881,Khartoum,Khartoum,Sudan,111.5,sudan/khartoum/khartoum,70,0,Sunny,38.5,101.4,14.5,9.0,11,1,2025-04-02 12:30,1743589800,0,0.0,29.71,1006,39.1,102.3,12.4,10,6,21,NNE,12.6,7.8,sd
66decfb7934726e744d7b609,8781,Dhaka,Dhaka,Bangladesh,140.0,bangladesh/dhaka/dhaka,71,4,Sunny,38.6,101.5,14.1,8.7,16,1,2025-04-02 16:15,1743588900,0,0.0,29.69,1005,39.1,102.4,1.7,10,6,258,WSW,12.2,7.6,bd
66decf94934726e744d78400,11289,Pali,Rajasthan,India,137.0,india/rajasthan/pali,72,0,Sunny,38.5,101.3,10.1,6.3,3,1,2025-04-02 15:45,1743588900,0,0.0,29.68,1005,39.1,102.4,4.3,10,6,247,WSW,8.3,5.1,in
670787c62e464133fcc06e88,VIR17887,Pilibhit,Uttar Pradesh,India,,india/uttar-pradesh/pilibhit,73,26,Sunny,38.7,101.7,23.4,14.5,3,1,2025-04-02 16:00,1743589800,0,0.0,29.62,1003,39.1,102.4,1.2,10,6,278,W,18.0,11.2,in
670787c62e464133fcc06ea1,VIR18914,Raipur,Chhattisgarh,India,,india/chhattisgarh/raipur,74,14,Sunny,38.7,101.7,27.0,16.8,16,1,2025-04-02 16:00,1743589800,0,0.0,29.63,1003,39.1,102.4,0.7,10,6,193,SSW,20.9,13.0,in
66decf9d934726e744d795b1,11303,Vemuluru,Andhra Pradesh,India,76.0,india/andhra-pradesh/vemuluru,75,29,Partly Cloudy,41.0,105.8,23.2,14.4,27,1,2025-04-02 15:45,1743588900,0,0.0,29.69,1005,39.1,102.4,3.5,10,6,165,SSE,20.2,12.5,in
670787ba2e464133fcc05d55,VIR1803,Barehra,Uttar Pradesh,India,,india/uttar-pradesh/barehra,76,67,Sunny,38.6,101.5,23.8,14.8,3,1,2025-04-02 16:00,1743589800,0,0.0,29.65,1004,39.1,102.4,1.3,10,6,268,W,18.4,11.4,in
66decfd1934726e744d7e823,11318,Hapur,Uttar Pradesh,India,210.0,india/uttar-pradesh/hapur,77,2,Sunny,38.5,101.3,16.2,10.1,3,1,2025-04-02 15:45,1743588900,0,0.0,29.67,1005,39.0,102.2,3.2,10,6,287,WNW,13.3,8.3,in
670787c12e464133fcc0664b,VIR11802,Kothapet,Telangana,India,,india/telangana/kothapet,78,10,Sunny,38.5,101.3,12.6,7.8,19,1,2025-04-02 16:00,1743589800,0,0.0,29.66,1004,39.0,102.2,1.0,10,6,159,SSE,11.2,6.9,in
670787c72e464133fcc06efb,VIR18943,Ramgundam,Telangana,India,,india/telangana/ramgundam,79,10,Sunny,38.5,101.3,12.6,7.8,19,1,2025-04-02 16:00,1743589800,0,0.0,29.66,1004,39.0,102.2,1.0,10,6,159,SSE,11.2,6.9,in
670787bf2e464133fcc0635a,VIR10354,Jalor,Rajasthan,India,,india/rajasthan/jalor,80,1,Sunny,38.5,101.3,16.6,10.3,4,1,2025-04-02 16:00,1743589800,0,0.0,29.67,1005,39.0,102.2,2.1,10,6,276,W,13.7,8.5,in
670787c22e464133fcc06929,VIR13795,Manuguru,Telangana,India,,india/telangana/manuguru,81,82,Patchy rain nearby,39.4,102.9,5.0,3.1,23,1,2025-04-02 16:00,1743589800,0,0.03,29.67,1005,39.0,102.2,1.3,10,6,99,E,4.3,2.7,in
66decfd0934726e744d7e51c,11920,Mandikhera,Haryana,India,218.0,india/haryana/mandikhera,82,16,Partly Cloudy,38.4,101.1,18.4,11.4,3,1,2025-04-02 15:45,1743588900,0,0.0,29.67,1005,39.0,102.2,3.4,10,6,335,NNW,15.5,9.6,in
670787f82e464133fcc09b46,-193912,Si Satchanalai,Sukhothai,Thailand,,thailand/sukhothai/si-satchanalai,83,46,Partly Cloudy,40.1,104.2,10.4,6.4,25,1,2025-04-02 16:30,1743586200,0,0.0,29.68,1005,39.0,102.1,1.9,10,6,163,SSE,9.0,5.6,th
670787c22e464133fcc0692b,VIR14126,Mathura,Uttar Pradesh,India,,india/uttar-pradesh/mathura,84,76,Overcast,38.4,101.1,17.3,10.7,3,1,2025-04-02 16:00,1743589800,0,0.0,29.66,1005,38.9,102.0,1.4,10,6,296,WNW,13.3,8.3,in
670787bf2e464133fcc06347,VIR9038,Hathras,Uttar Pradesh,India,,india/uttar-pradesh/hathras,85,74,Partly Cloudy,38.3,100.9,21.2,13.2,3,1,2025-04-02 16:00,1743589800,0,0.0,29.66,1005,38.9,102.0,1.4,10,6,279,W,16.2,10.1,in
66decfd6934726e744d7f0f2,11861,Sonipat,Haryana,India,187.0,india/haryana/sonipat,86,2,Sunny,38.3,100.9,16.2,10.1,3,1,2025-04-02 15:45,1743588900,0,0.0,29.67,1005,38.9,102.0,3.3,10,6,292,WNW,13.7,8.5,in
670787c22e464133fcc0692f,VIR14301,Meghraj,Gujarat,India,,india/gujarat/meghraj,87,11,Sunny,38.3,100.9,14.8,9.2,6,1,2025-04-02 16:00,1743589800,0,0.0,29.67,1005,38.9,102.0,1.9,10,6,195,SSW,13.0,8.1,in
670787be2e464133fcc0606e,VIR7098,Fatehpur Sikri,Uttar Pradesh,India,,india/uttar-pradesh/fatehpur-sikri,88,84,Overcast,38.3,100.9,10.8,6.7,4,1,2025-04-02 16:00,1743589800,0,0.0,29.66,1005,38.9,102.0,1.5,10,6,268,W,8.6,5.4,in
670787f82e464133fcc09b58,-45325,Sawankhalok,Sukhothai,Thailand,,thailand/sukhothai/sawankhalok,89,44,Partly Cloudy,39.9,103.8,9.9,6.2,25,1,2025-04-02 16:30,1743586200,0,0.0,29.68,1005,38.9,102.0,1.4,10,6,185,S,8.6,5.4,th
670787ba2e464133fcc05d62,VIR2418,Bharatpur,Rajasthan,India,,india/rajasthan/bharatpur,90,80,Overcast,38.3,100.9,11.2,6.9,4,1,2025-04-02 16:00,1743589800,0,0.0,29.66,1005,38.9,102.0,1.5,10,6,268,W,8.6,5.4,in
670787ba2e464133fcc05a75,VIR502,Aligarh,Uttar Pradesh,India,,india/uttar-pradesh/aligarh,91,66,Sunny,38.2,100.8,22.3,13.9,3,1,2025-04-02 16:00,1743589800,0,0.0,29.66,1004,38.8,101.8,1.4,10,6,285,WNW,17.3,10.7,in
670787c62e464133fcc06ea8,VIR18922,Rajkot,Gujarat,India,,india/gujarat/rajkot,92,2,Sunny,38.2,100.8,9.0,5.6,10,1,2025-04-02 16:00,1743589800,0,0.0,29.69,1005,38.8,101.8,2.5,10,6,316,NW,7.9,4.9,in
670787bf2e464133fcc06362,VIR10406,Jasdan,Gujarat,India,,india/gujarat/jasdan,93,2,Sunny,38.2,100.8,10.1,6.3,10,1,2025-04-02 16:00,1743589800,0,0.0,29.69,1005,38.8,101.8,2.5,10,6,313,NW,8.6,5.4,in
670787ba2e464133fcc05d59,VIR2119,Belampalli,Telangana,India,,india/telangana/belampalli,94,9,Sunny,38.2,100.8,13.7,8.5,19,1,2025-04-02 16:00,1743589800,0,0.0,29.66,1004,38.8,101.8,1.0,10,6,160,SSE,11.5,7.2,in
670787ce2e464133fcc07204,VIR23990,Umaria,Madhya Pradesh,India,,india/madhya-pradesh/umaria,95,69,Partly Cloudy,38.2,100.8,15.1,9.4,6,1,2025-04-02 16:00,1743589800,0,0.0,29.64,1004,38.8,101.8,0.8,10,6,341,NNW,10.8,6.7,in
670787bf2e464133fcc06354,VIR10332,Jaggayyapeta,Telangana,India,,india/telangana/jaggayyapeta,96,28,Partly Cloudy,39.3,102.7,18.6,11.6,23,1,2025-04-02 16:00,1743589800,0,0.0,29.68,1005,38.8,101.9,1.3,10,6,160,SSE,16.2,10.1,in
670787ba2e464133fcc05a83,VIR1030,Armur,Telangana,India,,india/telangana/armur,97,7,Sunny,38.2,100.8,10.4,6.5,17,1,2025-04-02 16:00,1743589800,0,0.0,29.64,1004,38.8,101.8,1.5,10,6,98,E,9.0,5.6,in
670787c72e464133fcc06efc,VIR18951,Rampur,Uttar Pradesh,India,,india/uttar-pradesh/rampur,98,10,Sunny,38.2,100.8,21.6,13.4,3,1,2025-04-02 16:00,1743589800,0,0.0,29.64,1004,38.8,101.8,1.3,10,6,310,NW,16.6,10.3,in
670787c22e464133fcc06923,VIR13770,Mandamari,Telangana,India,,india/telangana/mandamari,99,9,Sunny,38.2,100.8,13.7,8.5,19,1,2025-04-02 16:00,1743589800,0,0.0,29.66,1004,38.8,101.8,1.0,10,6,160,SSE,11.5,7.2,in
670787ba2e464133fcc05d75,VIR2721,Bodhan,Telangana,India,,india/telangana/bodhan,100,7,Sunny,38.2,100.8,10.4,6.5,17,1,2025-04-02 16:00,1743589800,0,0.0,29.64,1004,38.8,101.8,1.5,10,6,98,E,9.0,5.6,in
